company_name,ticker
Abbey Mortgage Bank Plc,ABBEYBDS
Abc Transport Plc,ABCTRANS
Academy Press Plc,ACADEMY
Access Holdings Plc,ACCESSCORP
Africa Prudential Plc,AFRIPRUD
African Alliance Insurance Plc,AFRINSURE
Aiico Insurance Plc,AIICO
Aluminium Extrusion Industries Plc,ALEX
Aradel Holdings Plc,ARADEL
Aso Savings and Loans Plc,ASOSAVINGS
Austin Laz & Company Plc,AUSTINLAZ
Axa Mansard Insurance Plc,MANSARD
Berger Paints Nigeria Plc,BERGER
Beta Glass Plc,BETAGLAS
Bua Cement Plc,BUACEMENT
Bua Foods Plc,BUAFOODS
C & I Leasing Plc,CILEASING
Cadbury Nigeria Plc,CADBURY
Caverton Offshore Support Group Plc,CAVERTON
Champion Breweries Plc,CHAMPION
Chams Holding Company Plc,CHAMS
Chellarams Plc,CHELLARAMS
Chemical and Allied Products Plc,CAP
Conoil Plc,CONOIL
Consolidated Hallmark Holdings Plc,CHIPLC
Cornerstone Insurance Plc,CORNERST
Coronation Insurance Plc,WAPIC
Custodian Investment Plc,CUSTODIAN
Cutix Plc,CUTIX
Cwg Plc,CWG
Daar Communications Plc,DAARCOMM
Dangote Cement Plc,DANGCEM
Dangote Sugar Refinery Plc,DANGSUGAR
Deap Capital Management & Trust Plc,DEAPCAP
Dn Tyre & Rubber Plc,DUNLOP
Ecobank Transnational Incorporated,ETI
Ekocorp Plc,EKOCORP
Ellah Lakes Plc,ELLAHLAKES
Eterna Plc,ETERNA
Etranzact International Plc,ETRANZACT
Eunisell Interlinked Plc,EUNISELL
Fcmb Group Plc,FCMB
Fidelity Bank Plc,FIDELITYBK
Fidson Healthcare Plc,FIDSON
First Holdco Plc,FIRSTHOLDCO
Ftn Cocoa Processors Plc,FTNCOCOA
Geregu Power Plc,GEREGU
Golden Guinea Breweries Plc,GOLDBREW
Greif Nigeria Plc,VANLEER
Guaranty Trust Holding Company Plc,GTCO
Guinness Nigeria Plc,GUINNESS
Honeywell Flour Mills Plc,HONYFLOUR
Ikeja Hotel Plc,IKEJAHOTEL
Industrial and Medical Gases Nigeria Plc,IMG
Infinity Trust Mortgage Bank Plc,INFINITY
International Breweries Plc,INTBREW
International Energy Insurance Plc,INTENEGINS
Jaiz Bank Plc,JAIZBANK
Japaul Gold & Ventures Plc,JAPAULGOLD
John Holt Plc,JOHNHOLT
Juli Plc,JULI
Julius Berger Nigeria Plc,JBERGER
Lafarge Africa Plc,WAPCO
Lasaco Assurance Plc,LASACO
Learn Africa Plc,LEARNAFRCA
Linkage Assurance Plc,LINKASSURE
Livestock Feeds Plc,LIVESTOCK
Livingtrust Mortgage Bank Plc,LIVINGTRUST
May & Baker Nigeria Plc,MAYBAKER
Mcnichols Plc,MCNICHOLS
Meyer Plc,MEYER
Morison Industries Plc,MORISON
Mrs Oil Nigeria Plc,MRS
Mtn Nigeria Communications Plc,MTNN
Multi-Trex Integrated Foods Plc,MULTITREX
Multiverse Mining and Exploration Plc,MULTIVERSE
Nascon Allied Industries Plc,NASCON
Ncr,NCR
Neimeth International Pharmaceuticals Plc,NEIMETH
Nem Insurance Plc,NEM
Nestlé Nigeria Plc,NESTLE
Nigerian Aviation Handling Company Plc,NAHCO
Nigerian Breweries Plc,NB
Nigerian Enamelware Plc,ENAMELWARE
Northern Nigeria Flour Mills Plc,NNFM
Npf Microfinance Bank Plc,NPFMCRFBK
Oando Plc,OANDO
Omatek Ventures Plc,OMATEK
Pharma Deko Plc,PHARMDEKO
Premier Paints Plc,PREMPAINTS
Presco Plc,PRESCO
Prestige Assurance Plc,PRESTIGE
Pz Cussons Nigeria Plc,PZ
R.T Briscoe,RTBRISCOE
Red Star Express Plc,REDSTAREX
Regency Alliance Insurance Plc,REGALINS
Royal Exchange Plc,ROYALEX
Scoa Nigeria Plc,SCOA
Secure Electronic Technology Plc,NSLTECH
Seplat Energy Plc,SEPLAT
Sfs Real Estate Investment Trust Fund,SFSREIT
Skyway Aviation Handling Company Plc,SKYAVN
Smart Products Nigeria Plc,SMURFIT
Sovereign Trust Insurance Plc,SOVRENINS
Staco Insurance Plc,STACO
Stanbic Ibtc Holdings Plc,STANBIC
Sterling Financial Holdings Company Plc,STERLINGNG
Sunu Assurances Nigeria Plc,SUNUASSUR
Tantalizers Plc,TANTALIZER
The Initiates Plc,TIP
The Nigerian Exchange Group Plc,NGXGROUP
The Okomu Oil Palm Company Plc,OKOMUOIL
Thomas Wyatt Nigeria Plc,THOMASWY
Totalenergies Marketing Nigeria Plc,TOTAL
Transcorp Hotels Plc,TRANSCOHOT
Transcorp Power Plc,TRANSPOWER
Transnational Corporation of Nigeria Plc,TRANSCORP
Trans-Nationwide Express Plc,TRANSEXPR
Tripple Gee & Company Plc,TRIPPLEG
Uac of Nigeria Plc,UACN
Uh Real Estate Investment Trust,UHOMREIT
Unilever Nigeria Plc,UNILEVER
Union Dicon Salt Plc,UNIONDICON
United Bank For Africa Plc,UBA
United Capital Plc,UCAP
Unity Bank Plc,UNITYBNK
Universal Insurance Plc,UNIVINSURE
University Press Plc,UPL
Updc Plc,UPDC
Updc Real Estate Investment Trust,UPDCREIT
Veritas Kapital Assurance Plc,VERITASKAP
Vfd Group Plc,VFD
Vitafoam Nigeria Plc,VITAFOAM
Wema Bank Plc,WEMABANK
Zenith Bank Plc,ZENITHBANK
Airtel Africa Plc,AIRTELAFRI
Guinea Insurance Plc,GUINEAINS
Mecure Industries Plc,MECURE
Mutual Benefits Assurance Plc,MBENEFIT
